{
  "n_val": 10347,
  "log_loss": 0.6177841742414641,
  "log_loss_const": 0.6254009287578091,
  "brier": 0.2136965113367443,
  "roc_auc": 0.5753680586992216,
  "hit_rate_val": 0.6819367932734126,
  "top10_hit_rate": 0.7918088737201365,
  "top10_log_loss": 0.5049375877096651,
  "top20_hit_rate": 0.7655803316180675,
  "top20_log_loss": 0.5407807457828637
}