{
  "n_val": 9969,
  "log_loss": 0.6152602806653403,
  "log_loss_const": 0.6211407384932145,
  "brier": 0.21243790072915764,
  "roc_auc": 0.5663299592187825,
  "hit_rate_val": 0.687431036212258,
  "top10_hit_rate": 0.7689946277820414,
  "top10_log_loss": 0.5343182346807809,
  "top20_hit_rate": 0.7437982919886132,
  "top20_log_loss": 0.5630895286858701
}